"ID","Fase","Módulo","Tarea","Descripción","Prioridad","Estado actual","Complejidad","Dependencias","Estimación","Perfil responsable","Criterios de aceptación","Pruebas requeridas","Riesgo","Paralelizable","Archivos o áreas afectadas"
"F0-01","Fase 0","Plataforma","Actualizar Next.js y PostCSS a versiones parcheadas","pnpm audit --prod reporta 4 CVE altas en next 16.2.9 (bypass de middleware/proxy en App Router; SSRF en Server Actions; SSRF en rewrites; DoS) y 1 alta en postcss. El override de package.json fija postcss en 8.5.10, por debajo del parche 8.5.12.","P0","Roto","Baja","Ninguna","0.5 d","DevOps","pnpm audit --prod sin severidad alta ni crítica; pnpm build verde; 1027 pruebas unitarias verdes; recorrido dorado manual sin regresión","test:unit; build; typecheck; recorrido manual del camino dorado","Medio: salto de parche 16.2.9 a 16.2.11 con baja probabilidad de romper API","Sí","package.json; pnpm-lock.yaml"
"F0-02","Fase 0","Onboarding","Corregir la redirección posterior al onboarding de organización","OnboardingCheck.tsx línea 14 hace router.push('/app'), que no es una ruta existente. Reproducido: completar el onboarting muestra un 404 en inglés pese a que los datos sí se guardan.","P0","Roto","Baja","Ninguna","0.25 d","Frontend","Completar el onboarding lleva a /app/dashboard; ninguna ruta de la aplicación redirige a un destino inexistente","Prueba unitaria del componente; recorrido manual con usuario nuevo","Bajo","Sí","components/auth/OnboardingCheck.tsx"
"F0-03","Fase 0","Onboarding","Desbloquear a los miembros no administradores en organizaciones sin onboarding","Un analista/revisor/visor queda atrapado: toda ruta /app/* redirige a /app/organization/onboarding, donde el envío falla con el texto en inglés 'Only organization admins can complete onboarding' y sin salida.","P0","Roto","Media","F0-02","0.75 d","Full-stack","Un miembro no administrador ve una pantalla de espera en español que nombra a su administrador y ofrece contacto; puede cerrar sesión; el formulario no se muestra a quien no puede enviarlo","Prueba unitaria de permisos; recorrido manual con los 4 roles no administradores","Bajo","Sí","app/app/organization/onboarding/page.tsx; app/actions/onboarding.ts; components/auth/OnboardingCheck.tsx"
"F0-04","Fase 0","Base de datos","Reparar db:migrate:local y crear un orquestador único de migraciones","drizzle-kit migrate sale con código 1 sin ningún mensaje y deja 34 de 41 migraciones aplicadas. Además existe acoplamiento de orden no coordinado entre db/migrations, supabase/migrations y db/policies: 0039 depende de storage_policies y 008 depende de 0031.","P0","Roto","Alta","Ninguna","2 d","DevOps + Full-stack","pnpm db:setup:local funciona desde una base vacía en un solo comando; las 41 migraciones quedan registradas; drizzle-kit check sin drift; cualquier fallo emite un mensaje accionable","Script de bootstrap sobre base limpia en CI; drizzle-kit check; test:integration","Alto: la causa raíz puede ser incompatibilidad de drizzle-kit con Node 24; plan B es fijar Node 22 vía .nvmrc y engines","No: bloquea la Fase 2","package.json; drizzle.local.config.ts; scripts/; .nvmrc; supabase/migrations/; db/policies/"
"F0-05","Fase 0","Operación","Añadir guarda de host a los scripts de seed y a las pruebas de integración","seed-proxies.ts, seed-taxonomies.ts y vitest.setup.integration.ts resuelven la conexión desde .env/.env.local, que apunta a producción, y no tienen guarda de host (a diferencia de seed-local.ts, que sí la tiene). Riesgo demostrado durante la auditoría.","P0","Roto","Baja","Ninguna","0.5 d","DevOps","Todo script de seed y toda prueba de integración aborta con mensaje explícito si el host no es 127.0.0.1, localhost o ::1, salvo un flag deliberado; el afterAll de las pruebas limpia organizaciones, proyectos y objetos de Storage","Prueba que verifique el aborto ante un host remoto; ejecución local completa","Bajo","Sí","scripts/seed-proxies.ts; scripts/seed-taxonomies.ts; vitest.setup.integration.ts; tests/integration/rls.test.ts"
"F0-06","Fase 0","Operación","Eliminar el script de un solo uso con UUIDs de producción y limpiar datos huérfanos","scripts/complete-agua-san-bernardo.ts contiene UUIDs de producción codificados, importa db/client (produccion) y no está referenciado por ningún script de package.json. Las pruebas de integración han dejado organizaciones huérfanas acumuladas.","P0","Roto","Baja","F0-05","0.5 d","DevOps","El script queda eliminado del repositorio; se documenta un procedimiento de limpieza de datos de prueba; se verifica por inventario que no queden huérfanos en preview","Inventario SQL de organizaciones antes y después","Bajo. Debe confirmarse con el equipo que el script ya no se necesita antes de borrarlo","Sí","scripts/complete-agua-san-bernardo.ts"
"F0-07","Fase 0","CI/CD","Añadir auditoría de dependencias como paso bloqueante en CI","El workflow ci.yml ejecuta lint, typecheck, test:unit y build, pero nunca audita dependencias. Por eso SEC-01 pasó inadvertido pese a existir un documento de readiness que afirmaba lo contrario.","P0","No implementado","Baja","F0-01","0.5 d","DevOps","CI falla ante cualquier vulnerabilidad de severidad alta o crítica en dependencias de producción; existe un mecanismo documentado de excepción temporal con fecha de caducidad","Ejecución del workflow en un PR de prueba","Bajo","Sí",".github/workflows/ci.yml"
"F1-01","Fase 1","Evidencia","Implementar descarga y previsualización de archivos de evidencia","No existe ninguna forma de abrir un archivo de evidencia desde la interfaz. La única llamada a storage.download está dentro de verifyEvidenceIntegrity. Un revisor debe aprobar archivos que no puede ver, lo que rompe el ciclo evidencia-revisión-aprobación que sostiene la propuesta de valor.","P1","No implementado","Media","F0-02","2 d","Full-stack senior","Todo miembro con permiso de lectura obtiene una URL firmada de vigencia corta; los PDF e imágenes se previsualizan en línea; cada descarga queda registrada en audit_logs; un miembro de otra organización recibe 404","Prueba unitaria del servicio; prueba de integración de aislamiento cruzado; recorrido manual","Bajo","Sí","lib/pipeline/evidence.ts; app/app/projects/[projectId]/pipeline/evidence/"
"F1-02","Fase 1","Reportes","Añadir compuerta de completitud antes de bloquear un reporte","Verificado: un reporte con las 12 secciones vacías puede bloquearse y publicarse como 'Reporte Audit-Ready Verificado'. No existe ninguna validación de contenido en lockReportDraft.","P1","No implementado","Media","Ninguna","2 d","Full-stack senior + Producto","El bloqueo se rechaza si alguna sección obligatoria de la variante está vacía; la interfaz muestra qué secciones faltan con enlace directo; las secciones obligatorias por variante quedan documentadas","Prueba unitaria por variante; prueba de integración del bloqueo; recorrido manual","Medio: hay que decidir con Producto qué secciones son obligatorias en cada variante","Sí","lib/pipeline/sroi-results.ts; lib/reports/report-variants.ts; app/app/projects/[projectId]/report/"
"F1-03","Fase 1","Reportes","Convertir la publicación pública en una decisión explícita y revocable","lockReportDraft asigna verification_hash incondicionalmente, por lo que bloquear equivale a publicar en internet el nombre de la organización, del proyecto y sus cifras financieras. No hay control de publicación, revocación ni expiración, y el PDF se sirve con Cache-Control public max-age=3600.","P1","Roto","Media","F1-02","2 d","Full-stack senior","Bloquear y publicar son acciones separadas; publicar exige confirmación que enumera qué queda expuesto; existe revocación que invalida el hash; existe expiración opcional; el PDF revocado devuelve 404 sin quedar en caché","Prueba unitaria; prueba de integración de acceso público antes y después de revocar; verificación de cabeceras de caché","Medio: hay reportes ya publicados cuyo estado debe migrarse con criterio explícito","Sí","lib/pipeline/sroi-results.ts; lib/reports/public-verify.ts; app/(public)/verify/"
"F1-04","Fase 1","Reportes","Prellenar las secciones del reporte con los datos del pipeline","Las 12 secciones nacen con contenido vacío. El usuario que ya cargó grupos de interés, resultados, indicadores, evidencia, proxies y filtros debe volver a redactarlo todo a mano.","P1","No implementado","Alta","F1-02","3 d","Full-stack senior + Producto","Al crear un borrador, las secciones derivables (contexto, grupos de interés, resultados, evidencia, metodología de proxies, filtros, resultados del cálculo) se prellenan desde los datos reales; el contenido es editable; se distingue visualmente lo generado de lo editado por una persona","Pruebas unitarias por generador de sección; prueba de integración de creación de borrador; revisión metodológica del texto","Medio: el texto generado debe ser metodológicamente correcto y no exagerar resultados","Sí","lib/reports/; lib/pipeline/sroi-results.ts"
"F1-05","Fase 1","Reportes","Corregir los títulos de sección en el PDF exportado","sroi-results.ts línea 398 usa type.replace('_',' ') sin flag global y title-case, produciendo títulos en inglés y el malformado 'Theory Of_change'. El PDF usa ese título de base de datos mientras la vista de impresión usa SECTION_META en español; las dos vistas ya divergieron pese al comentario que dice que no deben hacerlo.","P1","Roto","Baja","Ninguna","0.5 d","Full-stack","El PDF muestra los títulos en español de SECTION_META; se corrige el generador de títulos; se migran los títulos de los reportes existentes; una prueba impide la divergencia futura entre PDF e impresión","Prueba unitaria del generador; prueba de instantánea del PDF; comparación PDF contra impresión","Bajo","Sí","lib/pipeline/sroi-results.ts; lib/reports/pdf/ReportPdfDocument.tsx; app/(public)/verify/[hash]/pdf/route.ts"
"F1-06","Fase 1","Reportes","Corregir el anexo de estándares vacío en el PDF público","public-verify.ts línea 60 llama a listOutcomeMappingsForProject con .catch(() => []). Esa función exige sesión, que un visitante público no tiene, por lo que el anexo de estándares ODS/IRIS+ del PDF público sale siempre vacío en silencio.","P1","Roto","Baja","Ninguna","1 d","Full-stack","Existe una variante sin sesión de la consulta de mapeos para el contexto público; el anexo de estándares aparece en el PDF público; se elimina el catch que oculta errores y se registra cualquier fallo real","Prueba unitaria del servicio público; prueba de integración de generación de PDF público","Bajo","Sí","lib/reports/public-verify.ts; lib/taxonomies/service.ts"
"F1-07","Fase 1","Cálculo","Guiar la atribución por financiador y advertir cuando el desglose saldrá vacío","Verificado: la opción 'Incluir desglose financiero por financiador' produce una sección con 0.00x y 100 por ciento sin atribuir salvo que el usuario configure aparte la atribución por resultado, algo que no se le indica en ningún momento.","P2","Parcial","Media","Ninguna","1.5 d","Full-stack + Producto","La casilla de desglose advierte si no existe atribución configurada; el paso de atribución se señala en el pipeline; el reporte no ofrece una sección que saldrá necesariamente vacía","Prueba unitaria de la advertencia; recorrido manual con y sin atribución","Bajo. Conflicto de archivo con F3-12 (ambas tocan calculation/page.tsx): si ambas están planificadas, ejecutar F3-12 primero. No es dependencia funcional","Sí","app/app/projects/[projectId]/pipeline/calculation/; app/app/projects/[projectId]/report/"
"F1-08","Fase 1","Multitenancy","Permitir que un usuario pertenezca a varias organizaciones","El índice único user_single_active_membership impone un usuario igual a una organización, y acceptInvitation lanza error si ya existe pertenencia. Un consultor o financiador que trabaje con varias organizaciones no puede ser soportado.","P2","No implementado","Alta","F0-04","3 d","Full-stack senior","Un usuario puede pertenecer a varias organizaciones; existe un selector de organización activa; el contexto de sesión resuelve la organización activa de forma explícita; las pruebas de aislamiento siguen verdes","Migración probada sobre base poblada; suite completa de integración y RLS; pruebas E2E de cambio de organización","Alto: cambia el modelo de datos y toca requireOrganizationAccess, del que depende toda la autorización","No: toca la base de la autorización","db/schema.ts; db/migrations/; lib/auth/session.ts; lib/invitations/service.ts; components/layout/"
"F2-01","Fase 2","Seguridad","Establecer una fuente única de verdad para las políticas RLS","Existen dos definiciones divergentes: db/policies/001 con helpers SECURITY DEFINER en el esquema public y db/migrations/0031 con los mismos helpers en private. El README instruye ejecutar 001 manualmente, lo que sobrescribe las políticas endurecidas. Demostrado: tras ejecutar 001, anon obtiene EXECUTE sobre public.current_user_is_super_admin().","P1","Roto","Alta","F0-04","2 d","DevOps + Full-stack","Existe una sola definición de RLS versionada como migración; db/policies queda retirado o marcado como histórico; los helpers duplicados en public se eliminan de la base; una prueba automatizada verifica que anon no tiene EXECUTE sobre ninguna función de public; el README ya no instruye pasos manuales","Prueba de integración que consulte has_function_privilege; suite RLS completa; bootstrap sobre base limpia","Alto: si producción tiene la variante antigua activa, la reconciliación debe planificarse con ventana y rollback","No: depende de F0-04","db/policies/; db/migrations/; README.md"
"F2-02","Fase 2","Base de datos","Hacer las migraciones idempotentes y verificables en cualquier orden","Demostrado: re-ejecutar 0033_public_api_grants.sql revoca EXECUTE sobre los helpers de Storage y deja inutilizada toda la evidencia; 5 de 28 pruebas de integración fallan con 'permission denied for function can_write_evidence_object'. Un reset, una restauración o un despliegue idempotente rompen el producto en silencio. Priorizada como P0 pese a estar en Fase 2: el escenario que la dispara es exactamente una restauración de backup, es decir, el peor momento posible para un fallo silencioso. Es gate obligatorio antes de que exista cualquier entorno con datos reales, por lo que entra en el Escenario A.","P0","Roto","Alta","F0-04","2 d","DevOps","Aplicar el conjunto completo de migraciones dos veces seguidas deja el sistema funcional; existe una prueba en CI que hace bootstrap limpio, aplica todo dos veces y ejecuta la suite de integración; las dependencias de orden quedan explícitas","Prueba de bootstrap doble en CI; test:integration completo","Alto","No: bloquea a F2-01","db/migrations/0033_public_api_grants.sql; db/migrations/0039; supabase/migrations/; .github/workflows/"
"F2-03","Fase 2","Seguridad","Unificar el manejo de fallos de autorización","Verificado con un usuario de otra organización: /app/projects/{id} devuelve 200, /pipeline/calculation devuelve 500, /report/{id} devuelve 404. No hubo fuga de datos, pero los 500 provienen de throw sin capturar, contaminan Sentry y el diferencial de códigos permite inferir existencia de recursos ajenos.","P2","Parcial","Media","F3-01","1.5 d","Full-stack","Todo fallo de autorización produce 404 (recurso inexistente para quien pregunta) o 403 según política definida; ningún fallo de autorización genera un 500; existe un error tipado de autorización en la capa de servicios","Prueba de integración de acceso cruzado sobre todas las rutas de proyecto; suite unitaria","Bajo","Sí","lib/pipeline/; lib/projects/; app/app/projects/"
"F2-04","Fase 2","Seguridad","Hacer obligatorio el rate limiting distribuido y fail-closed","proxy.ts sólo aplica límite si existen KV_REST_API_URL y KV_REST_API_TOKEN, y si faltan desactiva todo el rate limiting de la API sin ninguna advertencia. lib/security/rate-limit.ts es en memoria y por tanto inefectivo en Vercel serverless.","P2","Parcial","Media","Ninguna","1.5 d","DevOps + Full-stack","En producción, la ausencia de credenciales de Upstash impide el arranque o genera una alerta crítica; el limitador de login y reseteo usa el almacén distribuido; se documenta el comportamiento fail-closed","Prueba unitaria del limitador; prueba de integración con y sin credenciales; verificación manual de 429","Medio: fail-closed puede provocar una caída si Upstash no está disponible; requiere alerta","Sí","proxy.ts; lib/security/rate-limit.ts; app/(public)/login/actions.ts"
"F2-05","Fase 2","Seguridad","Proteger el endpoint público de captura de leads","/api/marketing/lead acepta POST no autenticado y escribe PII (email) en la base sin CAPTCHA, sin límite propio y sin deduplicación, dependiendo enteramente del rate limiting global que puede estar desactivado.","P2","Parcial","Media","F2-04","1 d","Full-stack","El endpoint exige verificación anti-bot; aplica límite por IP independiente del global; deduplica por email en una ventana temporal; el formulario recoge consentimiento explícito de tratamiento de datos","Prueba unitaria de validación; prueba de integración del límite; verificación manual","Bajo","Sí","app/api/marketing/lead/route.ts; components/marketing/DemoRequestForm.tsx"
"F2-06","Fase 2","Seguridad","Aplicar límite de tasa y caché al PDF público de verificación","/verify/[hash]/pdf es público, force-dynamic y ejecuta renderToBuffer de @react-pdf/renderer (intensivo en CPU), pero queda fuera del matcher del rate limiter, que sólo cubre /api/*. Vector de agotamiento de CPU y de costo.","P2","Parcial","Media","F2-04","1 d","DevOps + Full-stack","La ruta tiene límite por IP; el PDF de un reporte bloqueado se genera una vez y se cachea con invalidación al revocar; se mide el tiempo de generación","Prueba de carga puntual sobre la ruta; prueba de integración de caché e invalidación","Medio: la caché debe invalidarse correctamente al revocar (F1-03)","Sí","proxy.ts; app/(public)/verify/[hash]/pdf/route.ts"
"F2-07","Fase 2","Seguridad","Validar archivos por contenido real y añadir análisis antivirus","evidence.ts valida el mimeType declarado por el cliente contra una lista blanca, sin inspeccionar los bytes mágicos, y no existe análisis antivirus. Mitigado por bucket privado y RLS de Storage, pero insuficiente para producción.","P2","Parcial","Media","F1-01","2 d","Full-stack + DevOps","El tipo se determina por bytes mágicos y debe coincidir con el declarado; los archivos pasan por análisis antivirus antes de quedar disponibles; un archivo rechazado no deja fila huérfana ni objeto en Storage","Pruebas unitarias con archivos de tipo falsificado; prueba de integración de subida y rechazo","Medio: añade una dependencia externa de antivirus","Sí","lib/pipeline/evidence.ts"
"F2-08","Fase 2","Seguridad","Añadir control de rol y auditoría a la sugerencia de proxy","/api/proxies/[id]/suggest permite a cualquier miembro activo, incluido el rol viewer, cambiar el estado de un proxy de suggested a pending_review, sin comprobación de rol y sin registro en audit_logs.","P3","Parcial","Baja","Ninguna","0.5 d","Full-stack","La transición exige rol analyst o superior; queda registrada en audit_logs; un viewer recibe 403","Prueba unitaria de permisos; prueba de integración por rol","Bajo","Sí","app/api/proxies/[id]/suggest/route.ts"
"F2-09","Fase 2","Seguridad","Escapar comodines en la búsqueda de proxies","La búsqueda construye el patrón ilike con la entrada del usuario sin escapar % ni _, permitiendo patrones controlados por el usuario y degradación de rendimiento. No hay inyección SQL porque Drizzle parametriza.","P3","Parcial","Baja","Ninguna","0.25 d","Full-stack","Los caracteres % y _ de la entrada se escapan; se limita la longitud de la consulta; existe índice de texto adecuado","Prueba unitaria con entradas con comodines","Bajo","Sí","app/api/proxies/search/route.ts"
"F2-10","Fase 2","Privacidad","Implementar el flujo de borrado de usuario (derecho de supresión)","Las columnas users.deleted_at y deleted_by existen desde la migración 0038 (nombrada gdpr), pero ninguna línea de código las lee ni las escribe. getCurrentUser nunca filtra por deletedAt, de modo que un usuario marcado como borrado conservaría acceso completo.","P1","Diseñado no conectado","Media","Ninguna","2 d","Full-stack senior","Existe una acción de supresión que anonimiza los datos personales y marca deleted_at; getCurrentUser rechaza usuarios suprimidos; se conserva la trazabilidad de auditoría sin PII; el proceso queda documentado en la política de privacidad","Prueba unitaria de la anonimización; prueba de integración de acceso denegado tras la supresión","Medio: hay que equilibrar supresión con la inmutabilidad de audit_logs","Sí","lib/auth/session.ts; lib/admin/; db/schema.ts; app/(public)/privacidad/"
"F2-11","Fase 2","Seguridad","Endurecer la política de contraseñas y exigir verificación de email","La longitud mínima es de 6 caracteres sin requisitos de complejidad, tanto en la acción de servidor como en la configuración de Supabase. La verificación de email está desactivada en la configuración local y su estado en producción no es verificable desde el repositorio.","P1","Parcial","Media","Ninguna","1.5 d","Full-stack + DevOps","Mínimo de 12 caracteres con requisitos de complejidad; comprobación contra listas de contraseñas filtradas; verificación de email obligatoria antes de acceder a la aplicación; el estado de producción queda documentado","Pruebas unitarias de validación; recorrido manual de registro y verificación","Medio: exigir verificación afecta a los usuarios existentes y necesita migración","Sí","app/(public)/login/actions.ts; supabase/config.toml; documentación de operación"
"F2-12","Fase 2","Facturación","Corregir la idempotencia del webhook de Stripe","La comprobación de idempotencia hace un SELECT sobre audit_logs.reason, columna sin índice (escaneo completo de tabla), y es un check-then-act sin constraint único, por lo que dos entregas simultáneas del mismo evento pueden procesarse dos veces.","P2","Parcial","Baja","Ninguna","0.5 d","Full-stack","Existe una tabla o constraint único dedicada a eventos de Stripe procesados; el segundo intento del mismo event id falla de forma determinista; se añade índice si se mantiene audit_logs","Prueba unitaria de idempotencia; prueba de integración con entregas concurrentes","Bajo","Sí","app/api/webhooks/stripe/route.ts; db/schema.ts; db/migrations/"
"F2-13","Fase 2","Onboarding","Mover la compuerta de onboarding al servidor","OnboardingCheck implementa la compuerta en cliente con useEffect y router.push, de modo que el Server Component ya renderizó y envió los datos antes de la redirección, y con JavaScript lento o desactivado no hay redirección alguna.","P2","Parcial","Baja","F0-02;F0-03","0.75 d","Full-stack","La compuerta se aplica en el layout del servidor con redirect(); no hay parpadeo de contenido; el comportamiento se mantiene sin JavaScript","Prueba unitaria del layout; verificación manual con JavaScript desactivado","Bajo","Sí","app/app/layout.tsx; components/auth/OnboardingCheck.tsx"
"F2-14","Fase 2","Arquitectura","Documentar y blindar la decisión de que la aplicación omite RLS","db/client.ts conecta con DATABASE_URL usando el rol propietario, por lo que todo el tráfico de la aplicación omite RLS y el aislamiento entre organizaciones descansa íntegramente en comprobaciones escritas a mano en la capa de servicios. Esta decisión no está documentada en ninguna parte y el README sigue presentando RLS como la protección principal.","P2","No implementado","Media","F2-01","1 d","Full-stack senior","Existe un ADR versionado en docs/ que explica la decisión, sus consecuencias y sus mitigaciones; existe una prueba de integración por cada servicio que consulta datos de proyecto, que verifica que un usuario de otra organización obtiene cero filas; existe una regla de ESLint que falla el build si un archivo bajo app/**/*.action.ts importa @/db/client de forma directa","Suite de integración de aislamiento por servicio; ejecución de la regla de ESLint sobre una violación deliberada","Medio: la cobertura completa de servicios exige inventariarlos todos","Sí","docs/; db/client.ts; README.md"
"F3-01","Fase 3","Experiencia de usuario","Introducir un contrato tipado de error en las acciones de servidor","Verificado: pulsar 'Bloquear reporte' sin revisión aprobada lanza un error no capturado y sustituye toda la pantalla del editor por el boundary global en inglés, ocultando la razón real. El patrón se repite en prácticamente todas las acciones de servidor, que lanzan en lugar de devolver un resultado.","P2","Roto","Alta","Ninguna","4 d","Full-stack senior","Las acciones devuelven un resultado discriminado de éxito o error con código y mensaje en español; los formularios usan useActionState y muestran el error en contexto sin perder los datos introducidos; ningún error de negocio alcanza el boundary global","Pruebas unitarias por acción migrada; pruebas de componente de los formularios; recorrido manual de caminos de error","Medio: superficie amplia (unas 40 acciones); se migra por rutas empezando por el camino dorado","No: bloquea a F3-04 y condiciona la Fase 4","app/**/*.action.ts; app/**/actions.ts; app/actions/; formularios de app/app/"
"F3-02","Fase 3","Experiencia de usuario","Traducir y marcar los boundaries de error y añadir un 404 propio","app/error.tsx tiene los textos codificados en inglés ('Something went wrong', 'Try again', 'Back to dashboard') y no existe ningún not-found.tsx, por lo que /verify con hash inválido y todo enlace roto muestran el 404 por defecto de Next.js, en inglés y sin marca.","P2","Roto","Baja","Ninguna","1 d","Frontend","Todos los textos de error y de 404 están en español y con la identidad de Uellix; existe not-found.tsx en la raíz y en el área pública; los boundaries ofrecen una acción de recuperación útil","Pruebas de componente; verificación manual de rutas inválidas","Bajo","Sí","app/error.tsx; app/global-error.tsx; app/not-found.tsx; components/states/"
"F3-03","Fase 3","Experiencia de usuario","Añadir estados de carga a todas las rutas","No existe ningún loading.tsx en el repositorio. Todas las páginas son Server Components asíncronos que consultan la base de datos, de modo que cada navegación es una espera en blanco sin ninguna señal de progreso.","P2","No implementado","Media","Ninguna","2 d","Frontend","Cada segmento de ruta tiene loading.tsx con un esqueleto que refleja la estructura real de la página; ninguna navegación deja la pantalla en blanco más de 200 ms sin señal","Verificación manual con red limitada; captura de cada estado de carga","Bajo","Sí","app/app/**/loading.tsx; components/states/LoadingState.tsx"
"F3-04","Fase 3","Experiencia de usuario","Dar retroalimentación de resultado en todas las mutaciones","El sistema de toasts existe en hooks/use-toast.ts pero se usa en sólo 2 archivos de todo el proyecto. La inmensa mayoría de los guardados no confirman nada, por lo que el usuario no sabe si su acción tuvo efecto.","P2","Parcial","Media","F3-01","2 d","Frontend","Toda mutación confirma éxito o error mediante toast; los toasts son accesibles con aria-live; los mensajes están en español y describen qué ocurrió","Pruebas de componente de los formularios principales; recorrido manual del camino dorado","Bajo","No: depende de F3-01","hooks/use-toast.ts; formularios de app/app/"
"F3-05","Fase 3","Navegación","Corregir el enlace roto de la barra lateral","La barra lateral incluye un enlace a /app/organization, que no existe en la tabla de rutas del build y produce un 404.","P2","Roto","Baja","Ninguna","0.25 d","Frontend","No existe ningún enlace hacia una ruta inexistente; se añade una prueba o verificación que compare los enlaces con las rutas del build","Prueba automatizada de enlaces; verificación manual de la navegación","Bajo","Sí","components/layout/Sidebar.tsx; components/layout/TopBar.tsx"
"F3-06","Fase 3","Navegación","Crear un layout propio para las páginas de autenticación","Verificado: /login se renderiza dentro del layout de marketing y muestra dos juegos de anclas de navegación (#producto, #metodologia, #faq y otras) que no existen en esa página y no llevan a ninguna parte.","P2","Roto","Baja","Ninguna","1 d","Frontend","Las páginas de login, registro, recuperación y aceptación de invitación usan un layout propio, sobrio y sin anclas rotas; conservan un enlace de vuelta a la landing","Verificación manual de las cuatro páginas; prueba de enlaces","Bajo","Sí","app/(public)/layout.tsx; app/(public)/login/; app/(public)/forgot-password/; app/(public)/reset-password/"
"F3-07","Fase 3","Experiencia de usuario","Añadir metadata por página en el área de aplicación","Verificado en 8 páginas: el título del documento es siempre 'Uellix | Ledger Cívico de Impacto Social', el de la landing de marketing, lo que impide distinguir pestañas y degrada el historial del navegador.","P3","No implementado","Baja","Ninguna","0.5 d","Frontend","Cada página de /app y /admin exporta su propia metadata con título descriptivo; las páginas de aplicación llevan noindex","Verificación manual de títulos; revisión del robots","Bajo","Sí","app/app/**/page.tsx; app/admin/**/page.tsx"
"F3-08","Fase 3","Reportes","Formatear las cifras de la página pública de verificación","Verificado: la página pública muestra el ratio como 3.770550:1, el valor crudo de 6 decimales de la base de datos, mientras todas las pantallas internas muestran 3.77:1. Es el artefacto más visible externamente.","P3","Roto","Baja","Ninguna","0.25 d","Frontend","Todas las cifras usan el mismo formateador que el resto de la aplicación; existe una utilidad compartida de formato de ratio y moneda","Prueba unitaria del formateador; verificación manual","Bajo","Sí","app/(public)/verify/[hash]/page.tsx; lib/utils.ts"
"F3-09","Fase 3","Cálculo","Hacer legible la página de detalle de corrida","Verificado: la tabla de líneas de cálculo muestra el UUID crudo de la asignación en lugar del nombre del resultado, y la página vuelca el snapshot JSON completo a la pantalla. Es una vista pensada para desarrolladores, no para el revisor metodológico que debe usarla.","P2","Parcial","Media","Ninguna","1.5 d","Frontend","La tabla muestra el nombre del resultado y del proxy; el snapshot JSON queda en un bloque colapsable claramente etiquetado como material técnico; la vista es legible para un auditor no técnico","Prueba de componente; revisión con un perfil metodológico","Bajo","Sí","app/app/projects/[projectId]/pipeline/calculation/runs/[runId]/page.tsx"
"F3-10","Fase 3","Administración","Unificar el lenguaje visual del panel de administración","/admin usa un lenguaje visual completamente distinto al de la aplicación (slate-900 oscuro, Tailwind crudo, sin tokens de marca ni componentes shadcn) y contiene traducciones desafortunadas como 'arrendatarios' por inquilinos.","P3","Parcial","Media","Ninguna","3 d","Frontend","El panel usa los mismos tokens de marca y componentes que la aplicación; la terminología en español se revisa por completo; la experiencia es coherente al pasar de /app a /admin","Pruebas de componente; revisión visual","Bajo","Sí","app/admin/"
"F3-11","Fase 3","Accesibilidad","Ejecutar una auditoría de accesibilidad WCAG 2.1 AA","Existen buenas bases (aria-live en 14 archivos, aria-label en navegación, foco visible consistente, sin desbordamiento horizontal a 375 px) pero hay 2 advertencias de jsx-a11y/alt-text sin resolver y no se ha hecho una revisión sistemática.","P2","Parcial","Media","F3-02;F3-03","2 d","Frontend","Cero advertencias de jsx-a11y; navegación completa por teclado en el camino dorado; contraste conforme a AA; verificado con un lector de pantalla","Auditoría automatizada en CI; recorrido manual con teclado y lector de pantalla","Bajo","Sí","components/; app/"
"F3-12","Fase 3","Deuda técnica","Descomponer los componentes de página monolíticos","calculation/page.tsx tiene 1126 líneas y mezcla inversión, FX, atribución, insumos, filtros, sensibilidad, tres paneles de Stella y resultados. proxies/page.tsx tiene 813 y evidence/page.tsx 712. Son imposibles de probar por partes.","P3","Parcial","Alta","F3-01","3 d","Full-stack","Ningún componente de página supera las 300 líneas; cada sección funcional es un componente con pruebas propias; no hay cambio de comportamiento observable","Pruebas de componente por sección extraída; recorrido manual de regresión completo","Medio: refactorización amplia sobre el camino crítico del producto; exige cobertura previa","No: depende de F3-01","app/app/projects/[projectId]/pipeline/calculation/page.tsx; proxies/page.tsx; evidence/page.tsx"
"F4-01","Fase 4","Facturación","Implementar página de precios y creación de sesión de checkout","No existe ninguna creación de sesión de checkout en el código. createStripePortalSession lanza 'No active subscription found. Please contact sales to upgrade.' cuando no hay stripeCustomerId, y nada en el producto puede generar un evento checkout.session.completed. El webhook está construido pero es inalcanzable.","P1","Diseñado no conectado","Alta","F4-02;F4-03","3 d","Full-stack senior","Existe una página pública de precios; un administrador de organización inicia checkout desde la aplicación; el webhook recibe checkout.session.completed y activa la suscripción; el ciclo completo funciona en modo de prueba de Stripe sin intervención manual","Pruebas unitarias del mapeo de precios; prueba de integración del webhook; recorrido E2E en modo de prueba","Alto: depende de decisiones de negocio y de una cuenta de Stripe operativa","No: ruta crítica comercial","lib/stripe/; app/app/organization/billing/; app/(public)/precios/; app/api/webhooks/stripe/"
"F4-02","Fase 4","Facturación","Definir planes y límites sobre los recursos que importan","El único límite modelado es stella_monthly_quota. No hay límites sobre proyectos, usuarios, almacenamiento, reportes ni corridas de cálculo, que son los recursos que realmente determinan el costo y el valor.","P1","No implementado","Media","Ninguna","2 d","Producto + Full-stack senior","Los planes quedan definidos con límites explícitos por recurso; el modelo de datos los representa; existe una decisión de negocio documentada sobre precios y niveles","Pruebas unitarias del modelo de planes","Alto: es una decisión de negocio que bloquea la ruta crítica; debe tomarse en la semana 4","No: bloquea a F4-01 y F4-03","db/schema.ts; db/migrations/; lib/stripe/client.ts"
"F4-03","Fase 4","Facturación","Aplicar los límites de plan en la capa de servicios","Sin aplicación de límites, cualquier organización puede consumir recursos ilimitados con independencia de su plan, lo que hace que la monetización sea nominal.","P1","No implementado","Alta","F4-02","3 d","Full-stack senior","Cada creación de recurso limitado verifica el límite del plan antes de proceder; al alcanzarlo se muestra un mensaje claro con opción de mejorar el plan; los límites se verifican en el servicio, nunca en el cliente","Pruebas unitarias por límite; pruebas de integración de agotamiento de cuota","Medio: toca muchos servicios y puede afectar a organizaciones existentes","No: ruta crítica comercial","lib/projects/; lib/pipeline/; lib/organizations/; lib/portfolios/"
"F4-04","Fase 4","Facturación","Implementar dunning y estados de suscripción","El webhook sólo maneja checkout.session.completed, customer.subscription.updated y customer.subscription.deleted. No maneja invoice.payment_failed ni pausas, por lo que un impago no tiene ninguna consecuencia en el producto.","P1","Parcial","Media","F4-01","2 d","Full-stack","Se manejan los eventos de fallo de pago; la organización pasa a un estado degradado documentado; se envían avisos al administrador; existe un periodo de gracia configurable","Pruebas unitarias por evento; pruebas de integración del webhook con eventos simulados","Medio","Sí","app/api/webhooks/stripe/route.ts; lib/stripe/; db/schema.ts"
"F4-05","Fase 4","Facturación","Completar el portal de cliente y la cancelación","El portal sólo es accesible si ya existe stripeCustomerId; no hay flujo de cancelación ni de cambio de plan desde la aplicación.","P2","Parcial","Media","F4-01","1.5 d","Full-stack","Un administrador accede al portal, cambia de plan y cancela; la cancelación se refleja en la aplicación; se conserva el acceso hasta el fin del periodo pagado","Pruebas de integración del webhook; recorrido E2E en modo de prueba","Bajo","Sí","app/app/organization/billing/"
"F4-06","Fase 4","Correo","Construir el juego completo de correos transaccionales","Sólo existe la plantilla de invitación. Faltan bienvenida, verificación de email, restablecimiento de contraseña, avisos de facturación, alertas de límite y notificaciones de reporte bloqueado.","P2","Parcial","Media","F2-11","3 d","Full-stack","Existen plantillas en español para todos los eventos transaccionales; el dominio está verificado en Resend; los fallos de envío se registran sin bloquear la operación; existe una vista de previsualización para desarrollo","Pruebas unitarias por plantilla; prueba de integración de envío contra el entorno de pruebas de Resend","Medio: depende de la verificación del dominio, que es un tiempo de espera externo","Sí","lib/email/; lib/invitations/email.ts"
"F4-07","Fase 4","Notificaciones","Construir un sistema de notificaciones en la aplicación","No existe ningún sistema de notificaciones. Eventos relevantes como una evidencia rechazada, un proxy pendiente de aprobación o un reporte bloqueado no llegan a quien debe actuar.","P3","No implementado","Alta","F4-06","3 d","Full-stack","Existe un centro de notificaciones en la aplicación; los eventos clave del pipeline generan notificación al rol adecuado; existe preferencia de recepción por correo","Pruebas unitarias del servicio; pruebas de integración por tipo de evento","Bajo","Sí","db/schema.ts; lib/notifications/; components/layout/"
"F4-08","Fase 4","Administración","Añadir gestión de usuarios y herramientas de soporte al panel","No existe ninguna pantalla de usuarios en /admin, ni herramientas de soporte, ni forma de diagnosticar el problema de una organización concreta sin consultar la base de datos directamente.","P2","No implementado","Media","Ninguna","2.5 d","Full-stack","Existe listado y búsqueda de usuarios; se puede ver la pertenencia y el estado de un usuario; existe una vista de diagnóstico por organización; toda acción administrativa queda auditada","Pruebas unitarias del servicio; pruebas de integración de permisos de super_admin","Medio: cualquier capacidad de soporte sobre datos de cliente exige control de acceso y auditoría estrictos","Sí","app/admin/; lib/admin/"
"F4-09","Fase 4","Analítica","Instrumentar analítica de producto","No existe ninguna instrumentación de producto, por lo que no hay forma de saber dónde abandonan los usuarios el pipeline ni qué funcionalidades se usan.","P3","No implementado","Media","Ninguna","1 d","Full-stack","Quedan instrumentados al menos estos 10 eventos: registro; organización creada; onboarding completado; proyecto creado; y un evento por cada uno de los 8 pasos del pipeline al completarse por primera vez; ningún evento incluye PII ni identificadores de beneficiarios; existe un panel que muestra la tasa de conversión entre pasos consecutivos del pipeline","Verificación de los 10 eventos en el entorno de pruebas; revisión del payload para confirmar ausencia de PII","Bajo: debe revisarse el impacto en privacidad","Sí","lib/analytics/; app/"
"F4-10","Fase 4","Soporte","Habilitar canal de soporte y centro de ayuda","No existe canal de soporte, documentación de usuario ni centro de ayuda. Un cliente con un problema no tiene a dónde acudir.","P2","No implementado","Baja","Ninguna","1 d","Producto","Existe un canal de soporte accesible desde la aplicación con SLA de respuesta declarado; existe documentación de usuario del camino dorado","Verificación manual del canal","Bajo","Sí","app/app/; documentación de usuario"
"F5-01","Fase 5","Pruebas","Construir la suite E2E del camino dorado","No existe ningún framework E2E en el repositorio. Los tres bloqueadores de UX encontrados en esta auditoría (404 de onboarding, trampa del no administrador, error que destruye la página) sólo aparecen ejecutando el producto, y ninguna prueba unitaria los habría detectado.","P2","No implementado","Alta","F0-02;F0-03;F3-01","4 d","Full-stack","Playwright cubre el camino completo desde el registro hasta el PDF público; cubre los caminos de error de las compuertas de negocio; cubre el aislamiento entre organizaciones; se ejecuta en CI contra un Supabase efímero","La propia suite E2E","Medio: exige un entorno efímero reproducible","No: depende de F3-01","tests/e2e/; playwright.config.ts; .github/workflows/"
"F5-02","Fase 5","CI/CD","Ejecutar las pruebas de integración y RLS en CI","ci.yml sólo ejecuta test:unit. Las 28 pruebas de integración y RLS, que son las que verifican el aislamiento entre organizaciones, nunca se ejecutan automáticamente, y por defecto apuntan a producción.","P2","No implementado","Media","F0-04;F0-05","2 d","DevOps","CI levanta un Supabase efímero, aplica todas las migraciones y ejecuta la suite de integración en cada PR; el fallo bloquea el merge","Ejecución del workflow en un PR de prueba","Medio: aumenta el tiempo de CI","Sí",".github/workflows/ci.yml; vitest.integration.config.ts"
"F5-03","Fase 5","Observabilidad","Reportar errores de cliente a Sentry","Sentry está inicializado en cliente, servidor y edge, y onRequestError captura los errores de servidor, pero Sentry.captureException no se invoca en ninguna parte del código. Los boundaries de error sólo hacen console.error, de modo que los fallos de cliente no llegan a ningún sitio.","P2","Parcial","Baja","F3-02","1 d","Full-stack","Los boundaries capturan explícitamente en Sentry con contexto de organización y usuario sin PII; los errores manejados relevantes también se reportan; se verifica la llegada de un error de prueba","Verificación manual con un error provocado","Bajo","Sí","app/error.tsx; app/global-error.tsx; instrumentation-client.ts"
"F5-04","Fase 5","Observabilidad","Introducir logging estructurado con correlación de petición","El código usa console.log, console.warn y console.error sin estructura ni identificador de correlación, lo que hace imposible reconstruir el recorrido de una petición fallida en producción.","P2","Parcial","Media","Ninguna","2 d","Full-stack + DevOps","Existe un logger estructurado con nivel, identificador de petición, organización y usuario; ningún log contiene PII ni secretos; los logs son consultables en producción","Pruebas unitarias del logger; revisión de los logs de un recorrido completo","Bajo","Sí","lib/logging/; toda la capa de servicios"
"F5-05","Fase 5","Observabilidad","Configurar alertas y presupuestos de error","No existen alertas. Un aumento de la tasa de error o de latencia pasaría inadvertido hasta que un cliente lo reportara.","P2","No implementado","Baja","F5-03;F5-04","1 d","DevOps","Existen alertas sobre tasa de error, latencia y fallos de webhook; llegan a un canal con guardia designada; se documenta el umbral de cada alerta","Simulacro de alerta","Bajo","Sí","Configuración de Sentry y Vercel; documentación de operación"
"F5-06","Fase 5","Continuidad","Verificar backups y documentar la restauración","No existe evidencia de backups verificados ni procedimiento de restauración documentado. Es configuración del panel de Supabase, no verificable desde el repositorio.","P1","No verificable","Media","Ninguna","2 d","DevOps","Los backups automáticos están confirmados y documentados; se ejecuta al menos una restauración real sobre un entorno de prueba; RTO y RPO quedan definidos por escrito","Ejercicio de restauración documentado con evidencia","Alto: la ausencia de backup verificado es riesgo de pérdida total","Sí","Documentación de operación; configuración de Supabase"
"F5-07","Fase 5","Rendimiento","Ejecutar pruebas de carga y fijar presupuesto de rendimiento","No existen pruebas de carga. El cuello de botella previsible es renderToBuffer en la ruta pública de PDF, que además no tiene límite de tasa.","P3","No implementado","Media","F2-06","2 d","DevOps","Existe un presupuesto de rendimiento por ruta; se ejecutan pruebas de carga sobre las rutas públicas y la de cálculo; los resultados quedan documentados","Suite de pruebas de carga","Bajo","Sí","tests/load/; documentación de operación"
"F5-08","Fase 5","Calidad","Eliminar las 52 advertencias de variables sin usar y elevar la regla a error","pnpm lint reporta 56 advertencias, 52 de ellas @typescript-eslint/no-unused-vars. El ruido acumulado oculta problemas reales; ese es su costo, no el estilo.","P3","Parcial","Baja","Ninguna","1 d","Full-stack","Cero advertencias de lint; la regla queda configurada como error; CI bloquea ante cualquier advertencia nueva","pnpm lint en CI","Bajo","Sí","Todo el repositorio; eslint.config.mjs"
"F5-09","Fase 5","Pruebas","Reparar las aserciones comentadas","tests/report-checkbox.test.ts contiene aserciones comentadas que documentan la intención en lugar de verificarla, produciendo una cobertura ilusoria.","P3","Roto","Baja","Ninguna","0.5 d","Full-stack","Las aserciones comentadas se implementan o se eliminan con justificación; ninguna prueba del repositorio contiene aserciones inactivas","pnpm test:unit","Bajo","Sí","tests/report-checkbox.test.ts"
"F5-10","Fase 5","Pruebas","Medir cobertura de código y fijar un umbral en CI","vitest.config.ts no tiene configuración de cobertura. Las 1027 pruebas miden cantidad, no cobertura, y no se sabe qué partes del sistema están realmente protegidas.","P3","No implementado","Baja","Ninguna","1.5 d","Full-stack","Se genera informe de cobertura; se fija un umbral mínimo para lib/ que CI hace cumplir; el informe queda accesible en cada PR","Ejecución de cobertura en CI","Bajo","Sí","vitest.config.ts; .github/workflows/ci.yml"
"F6-01","Fase 6","Entornos","Crear un Supabase de preview aislado","El propio equipo lo identificó como gate obligatorio número 1 en CLOSED_BETA_READINESS.md y sigue abierto. Sin él, las migraciones no pueden validarse antes de producción.","P1","No implementado","Media","F0-04","2 d","DevOps","Existe un proyecto Supabase exclusivo para preview; Vercel Preview lo usa; ningún secreto de producción se reutiliza en preview; las migraciones se aplican allí primero siguiendo SUPABASE_MIGRATION_GATE.md","Aplicación completa de migraciones en preview; suite de integración contra preview","Medio: costo adicional de infraestructura","Sí","Configuración de Vercel y Supabase; documentación de operación"
"F6-02","Fase 6","CI/CD","Automatizar migraciones en el pipeline con rollback probado","Las migraciones se aplican manualmente. No existe automatización ni procedimiento de rollback probado.","P2","No implementado","Alta","F2-02;F6-01","3 d","DevOps","Las migraciones se aplican automáticamente en preview y, con aprobación humana explícita, en producción; existe un procedimiento de rollback probado; cada despliegue registra qué migraciones aplicó","Ensayo completo de despliegue y rollback en preview","Alto: la automatización de migraciones en producción es intrínsecamente peligrosa y exige aprobación humana","No: depende de F2-02 y F6-01",".github/workflows/; scripts/; documentación de operación"
"F6-03","Fase 6","Documentación","Reescribir el README y publicar los ADR","El README describe el estado de hace 39 migraciones (habla del Sprint 1 y de portafolios como pendientes), menciona un archivo .env.local.example inexistente, presenta RLS como la protección principal cuando la aplicación la omite, e instruye ejecutar db/policies/001 manualmente, paso que degrada la seguridad.","P1","Roto","Baja","F2-01;F2-14","2 d","Full-stack senior","El README refleja el producto real y sus pasos se verifican ejecutándolos desde cero en una máquina limpia; los ADR de decisiones estructurales quedan publicados; se elimina toda instrucción peligrosa","Ejecutar los pasos del README desde cero","Bajo","Sí","README.md; docs/"
"F6-04","Fase 6","Operación","Escribir y ensayar runbooks de incidente","No existen runbooks. Ante un incidente no hay procedimiento escrito para diagnosticar ni para recuperar.","P2","No implementado","Media","F5-05;F5-06","2 d","DevOps","Existen runbooks para caída de base de datos, fallo de webhook, agotamiento de cuota de Gemini, corrupción de datos y fuga de credenciales; cada uno se ensaya al menos una vez","Simulacro documentado por runbook","Bajo","Sí","docs/ops/"
"F6-05","Fase 6","Legal","Verificar operativamente los términos y la política de privacidad","El propio equipo marcó como gate pendiente confirmar retención, cifrado, roles de responsable y encargado, y el lenguaje de inmutabilidad contra los contratos reales de los proveedores y los controles operativos existentes.","P1","Parcial","Media","F2-10","2 d","Legal externo + Producto","Cada afirmación de los documentos legales se corresponde con un control real y verificable; existen acuerdos de tratamiento con Supabase, Vercel, Resend, Google y Stripe; el consentimiento de cookies cumple la jurisdicción objetivo","Revisión legal documentada","Alto: afirmar controles que no existen es un riesgo legal y reputacional","Sí","app/(public)/terminos/; app/(public)/privacidad/; documentación de operación"
"F6-06","Fase 6","Lanzamiento","Ejecutar la checklist de lanzamiento y el go/no-go","No existe un procedimiento formal de lanzamiento con aprobación humana explícita.","P2","No implementado","Baja","Todas las fases","1 d","Producto + DevOps","Todos los puntos de la checklist de PLAN_TRABAJO_HASTA_SAAS.md están verificados con evidencia; existe aprobación humana explícita para Vercel y para Supabase; hay guardia designada para las primeras 72 horas","Revisión completa de la checklist","Bajo","No: es el gate final","Documentación de operación"
"F6-07","Fase 6","Privacidad","Revisar la privacidad de Session Replay","instrumentation-client.ts activa Session Replay con muestreo del 10 por ciento de sesiones y del 100 por ciento de sesiones con error, en un producto que maneja datos de programas sociales y de poblaciones beneficiarias. Están activos maskAllText y blockAllMedia, pero no hay una decisión documentada.","P3","Parcial","Baja","F6-05","1 d","DevOps + Legal","Existe una decisión documentada sobre Session Replay; el enmascaramiento se verifica revisando grabaciones reales; la política de privacidad lo declara explícitamente","Revisión manual de grabaciones capturadas","Medio: grabar sesiones con datos de beneficiarios sin declararlo es un riesgo de privacidad","Sí","instrumentation-client.ts; app/(public)/privacidad/"
